date,day_mean_excess,n,cum_excess
2024-01-25,-0.007153926339971879,3,-0.007153926339971879
2024-01-29,0.017501375054632926,7,0.010347448714661048
2024-01-31,-0.0246857129638669,1,-0.014338264249205854
2024-02-01,0.023638682759020962,6,0.009300418509815108
2024-02-02,0.011889741863746427,5,0.021190160373561535
2024-02-05,-0.03222699939775281,2,-0.011036839024191274
2024-02-15,-0.011810737329307708,6,-0.02284757635349898
2024-02-16,-0.059692990080265323,4,-0.08254056643376431
2024-02-19,-0.003043387909153178,8,-0.08558395434291749
2024-02-20,0.04091847900225339,3,-0.0446654753406641
2024-02-21,0.014600951390087118,7,-0.03006452395057698
2024-02-22,0.0137438307676118,9,-0.016320693182965182
2024-02-23,0.02383230600549064,9,0.007511612822525458
2024-02-26,-0.0376287456630003,10,-0.03011713284047484
2024-02-29,-0.03801487153387987,6,-0.06813200437435471
2024-03-01,-0.08366256408763967,4,-0.15179456846199438
2024-03-04,0.10320444219750935,1,-0.04859012626448503
2024-03-05,-0.10257809112416061,1,-0.15116821738864564
2024-03-06,-0.03840308501639893,5,-0.18957130240504455
2024-03-07,0.019168773869727262,1,-0.1704025285353173
2024-03-08,-0.04002418382348816,1,-0.21042671235880545
2024-03-11,0.0706658372336878,4,-0.13976087512511765
2024-03-12,0.024221222579011742,4,-0.1155396525461059
2024-03-13,0.02693355431279476,3,-0.08860609823331114
2024-03-14,-0.01503335276664991,4,-0.10363945099996105
2024-03-15,-0.0023794887200948023,6,-0.10601893972005585
2024-03-18,0.15017456131989057,7,0.044155621599834716
2024-03-19,-0.04766147143499594,4,-0.0035058498351612233
2024-03-20,-0.01600489175187142,4,-0.019510741587032643
2024-03-21,0.015343698780464623,9,-0.00416704280656802
2024-03-22,0.008471134494200524,3,0.004304091687632504
2024-03-25,0.016473426631844035,4,0.020777518319476537
2024-03-27,0.05018316450450555,2,0.07096068282398209
2024-03-28,-0.003802227695872018,1,0.06715845512811007
2024-03-29,0.005917160372433505,1,0.07307561550054358
2024-04-01,-0.003856063497431672,8,0.0692195520031119
2024-04-08,0.03777039686962502,4,0.10698994887273693
2024-04-09,0.03497918312543178,5,0.1419691319981687
2024-04-10,-0.026541902173120423,5,0.11542722982504829
2024-04-11,-0.07224583223434611,1,0.04318139759070218
2024-04-12,0.011018021434016284,4,0.05419941902471846
2024-04-17,-0.042992777127983405,3,0.011206641896735058
2024-04-19,0.05366997729089218,1,0.06487661918762724
2024-04-22,0.02269447533083313,2,0.08757109451846037
2024-04-23,-0.0005604465360594668,2,0.08701064798240091
2024-04-24,0.0255043631679241,7,0.112515011150325
2024-04-25,-0.03384822035084106,2,0.07866679079948394
2024-04-26,0.003085749518271008,5,0.08175254031775495
2024-04-29,-0.01093918359943925,10,0.07081335671831569
2024-05-02,0.02074977546333656,6,0.09156313218165225
2024-05-03,-0.049232669008062446,2,0.04233046317358981
2024-05-06,-0.009315332087632891,6,0.03301513108595692
2024-05-07,0.015112778877282981,3,0.0481279099632399
2024-05-08,-0.019305327108084108,4,0.028822582855155793
2024-05-09,0.15235487730227504,2,0.18117746015743083
2024-05-10,-0.023515684172826196,3,0.15766177598460462
2024-05-13,0.05851626731647826,10,0.21617804330108287
2024-05-14,-0.005686141297439014,3,0.21049190200364384
2024-05-15,0.024402657537938216,4,0.23489455954158206
2024-05-16,-0.013860109063185244,9,0.22103445047839682
2024-05-17,0.13641820147289713,4,0.35745265195129394
2024-05-20,-0.007731951001619513,7,0.34972070094967445
2024-05-21,0.0695510454291461,5,0.41927174637882053
2024-05-22,0.033848615005999616,4,0.45312036138482015
2024-05-23,0.08775064046580738,2,0.5408710018506275
2024-05-24,0.0343334392410388,6,0.5752044410916664
2024-05-27,0.0069751539287200015,6,0.5821795950203863
2024-05-28,-0.007638376516178491,2,0.5745412185042078
2024-05-31,-0.04393063003283984,4,0.530610588471368
2024-06-03,-0.016594473955822475,3,0.5140161145155455
2024-06-04,-0.0067770255299930415,1,0.5072390889855525
2024-06-06,0.0228100810958084,2,0.5300491700813609
2024-06-07,-0.03253327580973967,6,0.4975158942716212
2024-06-11,-0.025350579844012622,2,0.47216531442760856
2024-06-12,-0.011918393065560196,3,0.46024692136204837
2024-06-13,0.007539815504032687,10,0.4677867368660811
2024-06-14,-0.013927914020619658,3,0.4538588228454614
2024-06-17,-0.020958272319681677,9,0.43290055052577975
2024-06-18,0.005123847921523539,2,0.4380243984473033
2024-06-19,-0.00740048138736209,5,0.4306239170599412
2024-06-20,0.02298071402773847,10,0.4536046310876797
2024-06-21,0.03198586074104585,3,0.48559049182872555
2024-06-24,0.0023100154731585665,1,0.4879005073018841
2024-06-25,0.05258357511053376,3,0.5404840824124179
2024-06-26,0.06635653760645151,10,0.6068406200188694
2024-06-27,-0.03917145388303345,1,0.567669166135836
2024-06-28,0.007423855718048378,8,0.5750930218538843
2024-07-01,-0.036573267117553376,1,0.538519754736331
2024-07-02,-0.09755864601904729,2,0.44096110871728367
2024-07-03,0.006736989620337997,5,0.44769809833762164
2024-07-04,-0.055452770256643635,3,0.392245328080978
2024-07-05,-0.012595322935720243,8,0.37965000514525776
2024-07-08,-0.0004563872360724419,2,0.3791936179091853
2024-07-09,0.05279051052336081,1,0.43198412843254613
2024-07-10,0.06338900821660971,3,0.49537313664915583
2024-07-11,0.06116631824901717,6,0.556539454898173
2024-07-12,0.016631426892964967,6,0.573170881791138
2024-07-16,-0.0064872478011924195,4,0.5666836339899455
2024-07-17,0.028699029344323432,9,0.5953826633342689
2024-07-18,-0.012547631354578223,3,0.5828350319796907
2024-07-23,0.026030684623793942,5,0.6088657166034847
2024-07-26,0.005674058491163425,1,0.6145397750946481
2024-07-30,-0.0616683599185501,4,0.552871415176098
2024-07-31,-0.018485460041326562,1,0.5343859551347714
2024-08-01,0.025991203104434337,7,0.5603771582392058
2024-08-06,0.04969505220987062,3,0.6100722104490763
2024-08-07,-0.04790852298941395,2,0.5621636874596624
2024-08-09,-0.017431041170135015,9,0.5447326462895273
2024-08-12,0.017426303202349967,10,0.5621589494918773
2024-08-13,0.00902048736205846,8,0.5711794368539358
2024-08-14,-0.0005702972321626088,10,0.5706091396217732
2024-08-15,-0.0034724918272534323,10,0.5671366477945198
2024-08-16,0.006691646843706933,5,0.5738282946382267
2024-08-19,0.015173565372934877,4,0.5890018600111616
2024-08-20,-0.002383815333836359,1,0.5866180446773253
2024-08-21,0.05978887122054716,2,0.6464069158978725
2024-08-22,-5.702492388217258e-05,6,0.6463498909739903
2024-08-23,0.02332844371309023,2,0.6696783346870805
2024-08-26,0.028471515684689596,5,0.6981498503717701
2024-08-29,-0.05053486767680504,5,0.6476149826949651
2024-08-30,-0.03633723299446967,3,0.6112777497004954
2024-09-02,-0.022403885658900002,4,0.5888738640415954
2024-09-09,0.05049860129477479,1,0.6393724653363702
2024-09-11,-0.044004917922025766,2,0.5953675474143444
2024-09-12,-0.023107008895484376,3,0.57226053851886
2024-09-13,0.006181591339020476,5,0.5784421298578806
2024-09-16,-0.011338966397389058,8,0.5671031634604915
2024-09-18,-0.05034556823697748,3,0.516757595223514
2024-09-19,-0.024412549057126386,10,0.4923450461663877
2024-09-20,-0.011133067993644392,9,0.4812119781727433
2024-09-23,0.0004916535552414669,10,0.48170363172798475
2024-09-24,-0.02601000315283397,1,0.4556936285751508
2024-09-25,0.009282643701585491,10,0.46497627227673627
2024-09-26,-0.0025249354748042574,2,0.462451336801932
2024-09-27,-0.02995443432193777,9,0.4324969024799942
2024-09-30,-0.07434678124715433,1,0.3581501212328399
2024-10-01,-0.08393694586623329,2,0.2742131753666066
2024-10-04,-0.046639660709722496,6,0.2275735146568841
2024-10-07,-0.0353753721368133,9,0.1921981425200708
2024-10-09,0.020940386853925408,2,0.21313852937399622
2024-10-11,-0.016347256051380543,5,0.19679127332261567
2024-10-14,0.00035581666178585714,10,0.19714708998440153
2024-10-15,0.01702908331484118,8,0.2141761732992427
2024-10-16,0.021875298902141276,9,0.23605147220138398
2024-10-17,-0.015584717409103074,6,0.2204667547922809
2024-10-18,-0.020021945724399897,3,0.200444809067881
2024-10-21,-0.0015089752069188834,10,0.1989358338609621
2024-10-22,-0.01972032768840873,4,0.17921550617255338
2024-10-23,0.005564814015358355,1,0.18478032018791174
2024-10-25,-0.031066313763329134,2,0.1537140064245826
2024-10-28,0.012566129452931896,1,0.1662801358775145
2024-11-01,-0.06260162330900224,4,0.10367851256851227
2024-11-05,-0.004360750154086435,6,0.09931776241442583
2024-11-06,-0.015689968593153913,2,0.08362779382127192
2024-11-07,0.0003555768402922567,7,0.08398337066156418
2024-11-08,0.04168848799745328,4,0.12567185865901748
2024-11-11,0.023496814696480323,4,0.1491686733554978
2024-11-12,-0.005805688503098205,2,0.1433629848523996
2024-11-13,0.02277565000117976,2,0.16613863485357935
2024-11-14,0.010556763621557497,2,0.17669539847513685
2024-11-15,-0.022306884467732525,10,0.15438851400740433
2024-11-18,-0.05636614400003781,1,0.09802237000736652
2024-11-19,0.023915565586334384,8,0.1219379355937009
2024-11-21,0.009272865051754814,4,0.1312108006454557
2024-11-22,0.007067505589535094,10,0.1382783062349908
2024-11-25,0.0014240281585424452,10,0.13970233439353325
2024-11-26,-0.0392104504589309,2,0.10049188393460234
2024-11-27,-0.08197489615303372,2,0.018516987781568628
2024-11-29,0.11672771394530335,1,0.13524470172687197
2024-12-02,-0.003846249882958928,7,0.13139845184391305
2024-12-03,-0.026819931647945938,1,0.10457852019596711
2024-12-04,0.037099351164049346,5,0.14167787136001647
2024-12-05,-0.06328074573583686,1,0.07839712562417961
2024-12-09,0.05530955147510219,1,0.1337066770992818
2024-12-10,-0.0068642148369378875,1,0.1268424622623439
2024-12-11,0.08107273109149471,2,0.20791519335383862
2024-12-12,0.05402692503293538,1,0.261942118386774
2024-12-17,-0.006008702993001602,1,0.2559334153937724
2024-12-18,0.09448987896391281,2,0.3504232943576852
2024-12-19,0.0032842068135783276,1,0.35370750117126354
2024-12-20,-0.048524122331077724,4,0.3051833788401858
2024-12-23,-0.002950546793032238,10,0.30223283204715357
2024-12-24,0.0125449425668774,3,0.31477777461403095
2024-12-25,-0.0005357835708201253,6,0.3142419910432108
2024-12-26,-0.004158418433450606,2,0.3100835726097602
2024-12-27,-0.023653068320921622,3,0.2864305042888386
2024-12-30,-0.05387643964971711,1,0.23255406463912148
2024-12-31,-0.02788231742466185,2,0.20467174721445963
2025-01-02,-0.02430164066917928,1,0.18037010654528035
2025-01-03,-0.12724475949403702,2,0.05312534705124333
2025-01-06,-0.034352639468977264,5,0.01877270758226607
2025-01-07,-0.05156491033602495,1,-0.03279220275375888
2025-01-08,-0.01255038115013593,4,-0.04534258390389481
2025-01-10,-0.05572800009042034,3,-0.10107058399431515
2025-01-13,0.021249634870083023,2,-0.07982094912423213
2025-01-14,0.02703292797544514,8,-0.05278802114878699
2025-01-15,-0.01231141307565653,3,-0.06509943422444352
2025-01-16,0.00837236464776465,7,-0.05672706957667887
2025-01-17,0.0422855014077244,5,-0.01444156816895447
2025-01-20,-0.0026019269770789083,8,-0.01704349514603338
2025-01-21,0.03255992308266431,3,0.015516427936630932
2025-01-22,0.019267875449922076,8,0.03478430338655301
2025-02-03,-0.017071474906912076,1,0.01771282847964093
2025-02-04,-0.021686317727307225,1,-0.003973489247666294
2025-02-05,0.037344428802836185,9,0.03337093955516989
2025-02-06,0.011781071844053886,4,0.04515201139922378
2025-02-07,0.03455031765637521,10,0.07970232905559899
2025-02-10,0.029421131674980283,4,0.10912346073057927
2025-02-11,0.029484335214880274,5,0.13860779594545955
2025-02-12,0.05220077839463855,3,0.1908085743400981
2025-02-13,0.015340696849075875,10,0.20614927118917398
2025-02-14,-0.02285302574551214,6,0.18329624544366183
2025-02-17,0.01247874868590646,10,0.19577499412956828
2025-02-18,0.009542976382394134,3,0.2053179705119624
2025-02-19,0.032370888328722494,9,0.2376888588406849
2025-02-21,-0.024160768594447903,7,0.213528090246237
2025-02-24,0.04315187079588949,5,0.2566799610421265
2025-02-26,0.05204521299742515,1,0.30872517403955163
2025-02-27,0.04136994479001316,2,0.3500951188295648
2025-03-04,-0.03197101742472519,2,0.3181241014048396
2025-03-05,0.019894242549814607,3,0.3380183439546542
2025-03-10,-0.0025024945928586568,7,0.3355158493617955
2025-03-11,0.0224654916612419,2,0.3579813410230374
2025-03-13,-0.00164577150677551,3,0.3563355695162619
2025-03-14,0.04386995479628558,4,0.40020552431254747
2025-03-17,0.00844719377875395,3,0.40865271809130144
2025-03-18,-0.026099807710961025,6,0.3825529103803404
2025-03-19,-0.023502237823746275,6,0.3590506725565941
2025-03-20,-0.020367486612798025,10,0.3386831859437961
2025-03-21,0.003694638299327868,2,0.34237782424312396
2025-03-24,-0.05869333707052177,4,0.2836844871726022
2025-03-25,-0.011727983732939457,4,0.2719565034396627
2025-03-26,-0.06728706738799506,2,0.20466943605166765
2025-04-01,0.04838172076513325,1,0.2530511568168009
2025-04-15,0.01816245550484439,5,0.2712136123216453
2025-04-18,0.0015505318913209276,3,0.27276414421296624
2025-04-21,-0.006328091124759849,1,0.2664360530882064
2025-04-22,-0.008083765242963947,2,0.25835228784524245
2025-04-23,-0.004939376339571355,10,0.2534129115056711
2025-04-25,-0.002979035511234074,10,0.250433875994437
2025-04-28,-0.024225023786949313,3,0.22620885220748768
2025-04-29,-0.048279932054086205,8,0.17792892015340148
2025-05-02,0.0013281280718070777,10,0.17925704822520855
2025-05-06,-0.00977361920682207,6,0.16948342901838648
2025-05-07,-0.06047240498506092,5,0.10901102403332555
2025-05-08,0.011455943373559005,6,0.12046696740688455
2025-05-09,-0.014202118948622075,9,0.10626484845826248
2025-05-12,-0.0007937460663788087,10,0.10547110239188368
2025-05-13,-0.02101733067787276,2,0.08445377171401092
2025-05-14,-0.003150205222039648,10,0.08130356649197126
2025-05-15,0.1033995955132907,1,0.18470316200526196
2025-05-16,0.0010114171059343868,2,0.18571457911119635
2025-05-19,0.12676658847426325,1,0.31248116758545963
2025-05-20,0.012079187810430436,2,0.32456035539589007
2025-05-21,0.013332605805899171,9,0.33789296120178924
2025-05-23,0.013711636981814768,1,0.351604598183604
2025-05-26,-0.015035037128303971,3,0.33656956105530006
2025-05-28,0.028649430825908873,1,0.36521899188120893
2025-05-29,-0.019565322148838587,3,0.34565366973237033
2025-06-04,0.018490486810850748,4,0.3641441565432211
2025-06-05,0.0887211090711546,1,0.4528652656143757
2025-06-06,-0.03942605225680185,3,0.41343921335757383
2025-06-09,0.05153699530402217,4,0.464976208661596
2025-06-10,-0.003932116574642286,10,0.46104409208695374
2025-06-11,-0.012660584431537458,10,0.4483835076554163
2025-06-12,-0.03742004032053481,2,0.4109634673348815
2025-06-16,0.012297781015985953,5,0.4232612483508674
2025-06-17,0.030932087282235527,6,0.45419333563310293
2025-06-18,-0.032968782695496746,3,0.4212245529376062
2025-06-19,-0.026265048558248405,1,0.3949595043793578
2025-06-23,0.09036565954115545,3,0.4853251639205132
2025-06-24,-0.026517637685253836,7,0.4588075262352594
2025-06-26,0.007432080342237068,10,0.46623960657749647
2025-06-27,-0.0015618926239478902,9,0.46467771395354857
2025-06-30,-0.029625798936220082,2,0.4350519150173285
2025-07-01,-0.016841080872998793,10,0.4182108341443297
2025-07-02,-0.05635062153398298,6,0.36186021261034673
2025-07-03,-0.014428438743000399,4,0.34743177386734636
2025-07-07,-0.11135752023394008,1,0.23607425363340628
2025-07-08,0.030818339998578193,1,0.2668925936319845
2025-07-09,0.04483303702528696,1,0.31172563065727144
2025-07-11,0.03469641034273161,5,0.34642204100000307
2025-07-14,-0.028474391477206096,1,0.31794764952279697
2025-07-15,0.016738876774697726,6,0.3346865262974947
2025-07-16,-0.030478937051379884,2,0.3042075892461148
2025-07-17,-0.00316889695501128,10,0.3010386922911035
2025-07-18,-0.02592184102543202,4,0.27511685126567154
2025-07-21,0.00512072174737109,8,0.28023757301304264
2025-07-22,0.0777468868884682,2,0.35798445990151084
2025-07-23,0.025030934208161847,10,0.38301539410967267
2025-07-24,0.00017034163311302475,4,0.3831857357427857
2025-07-25,0.026235316447937435,6,0.4094210521907231
2025-07-28,-0.017997397016030592,2,0.3914236551746925
2025-07-29,-0.03241246628878136,1,0.35901118888591116
2025-07-30,-0.011482092490813644,10,0.3475290963950975
2025-07-31,0.01253600924537098,6,0.36006510564046845
2025-08-01,0.06338294745730122,4,0.42344805309776967
2025-08-04,0.004274382990683001,4,0.4277224360884527
2025-08-05,-0.0037891115712693152,9,0.42393332451718335
2025-08-07,0.009322868305216836,4,0.4332561928224002
2025-08-08,0.04332621367348094,4,0.47658240649588113
2025-08-11,-0.01257605064970906,5,0.46400635584617206
2025-08-12,0.028624114680385553,7,0.4926304705265576
2025-08-13,0.03146402959308305,5,0.5240945001196406
2025-08-14,-0.0023230385108413687,7,0.5217714616087993
2025-08-15,0.05157573349556188,10,0.5733471951043612
2025-08-18,0.0035592617892264184,7,0.5769064568935875
2025-08-20,-0.004057218721208455,1,0.5728492381723791
2025-08-21,0.023839858969126382,6,0.5966890971415055
2025-08-22,-0.08463205564308496,1,0.5120570414984206
2025-08-25,0.002785552322852591,10,0.5148425938212732
2025-08-26,0.08473702483627632,1,0.5995796186575495
2025-08-27,-0.0036540576574949912,10,0.5959255610000544
2025-08-28,-0.006872400617487691,3,0.5890531603825667
2025-08-29,-0.0003314697656260912,2,0.5887216906169406
2025-09-01,0.19206296688162428,1,0.7807846574985648
2025-09-03,0.023173699423975142,6,0.80395835692254
2025-09-04,0.20068822482265924,2,1.0046465817451993
2025-09-05,-0.022628614345785596,3,0.9820179673994137
2025-09-08,-0.07923122384293446,1,0.9027867435564793
2025-09-09,-0.014891404028065991,2,0.8878953395284133
2025-09-10,0.01384479355698276,3,0.901740133085396
2025-09-12,0.04674468902893847,5,0.9484848221143345
2025-09-15,0.008249765589017466,1,0.956734587703352
2025-09-16,-0.013641609140277233,3,0.9430929785630747
2025-09-17,0.031769445786970496,4,0.9748624243500452
2025-09-18,-0.009088689850940024,4,0.9657737344991052
2025-09-22,0.031877307418086476,1,0.9976510419171917
2025-09-23,0.003468788388507227,2,1.001119830305699
2025-09-24,-0.0143054606405566,1,0.9868143696651424
2025-09-25,-0.0629602796841695,1,0.9238540899809728
2025-09-30,-0.05548035455247757,1,0.8683737354284953
2025-10-01,-0.03729819808021928,3,0.831075537348276
2025-10-02,-0.05551444655440633,3,0.7755610907938697
2025-10-03,-0.06969228106317527,1,0.7058688097306944
2025-10-07,0.003959113564996859,6,0.7098279232956913
2025-10-09,0.0044374912803254824,3,0.7142654145760168
2025-10-13,-0.017145866797186143,3,0.6971195477788307
2025-10-14,0.047862904067923706,1,0.7449824518467544
2025-10-15,-0.012038865671597565,2,0.7329435861751568
2025-10-16,0.017294193426586158,10,0.7502377796017429
2025-10-17,0.009280765805842361,6,0.7595185454075852
2025-10-20,0.02862556705186403,4,0.7881441124594493
2025-10-21,0.025937853818180284,8,0.8140819662776295
2025-10-22,-0.027154646064576154,4,0.7869273202130533
2025-10-23,-0.08048049109754307,1,0.7064468291155103
2025-10-27,0.06830574987621567,5,0.7747525789917259
2025-10-28,-0.059657912899552135,2,0.7150946660921738
2025-10-29,-0.01487518612135604,3,0.7002194799708177
2025-10-30,-0.04235564701174055,1,0.6578638329590771
2025-11-03,0.02654611526308411,3,0.6844099482221613
2025-11-04,5.631330418365277e-06,2,0.6844155795525797
2025-11-06,-0.02858862409936318,5,0.6558269554532166
2025-11-10,0.05961649843351355,4,0.7154434538867301
2025-11-11,0.061754279614829155,5,0.7771977335015593
2025-11-12,-0.002413104988000942,7,0.7747846285135583
2025-11-13,-0.04858340372070091,1,0.7262012247928574
2025-11-14,-0.02939103160017137,4,0.696810193192686
2025-11-17,0.009042831243027516,1,0.7058530244357135
2025-11-20,0.013434455779886207,7,0.7192874802155997
2025-11-24,0.04395287100707179,1,0.7632403512226715
2025-11-25,0.011986807358506347,10,0.7752271585811779
2025-11-26,-0.009043006155579625,8,0.7661841524255982
2025-11-27,0.01504455587618501,6,0.7812287083017833
2025-11-28,0.01668308543161323,5,0.7979117937333965
2025-12-01,-0.011320227952869532,5,0.7865915657805269
2025-12-02,-0.03260533991878147,10,0.7539862258617455
2025-12-03,0.04452545799489693,10,0.7985116838566424
2025-12-04,0.10466310529864642,2,0.9031747891552888
2025-12-05,0.0035798121527055747,5,0.9067546013079943
2025-12-08,0.10149717858992793,4,1.0082517798979223
2025-12-09,-0.014299043153925894,5,0.9939527367439963
2025-12-10,-0.04919780601362189,3,0.9447549307303744
2025-12-12,0.03324580509477959,3,0.978000735825154
2025-12-15,0.0010065991327699402,3,0.9790073349579239
2025-12-17,0.03216022390320705,4,1.011167558861131
2025-12-19,0.0055459144904818625,6,1.016713473351613
2025-12-22,0.01873351639927254,9,1.0354469897508856
2025-12-23,0.022011703808798355,1,1.057458693559684
2025-12-24,-0.036036785145868146,6,1.0214219084138159
2025-12-26,-0.062489295438350134,5,0.9589326129754657
2025-12-29,0.03148307983450893,4,0.9904156928099747
2025-12-30,0.03458381060274294,6,1.0249995034127175
2025-12-31,-0.05549954003268098,3,0.9694999633800365
2026-01-02,-0.0005665394207087596,6,0.9689334239593278
2026-01-05,0.062026380521888136,1,1.030959804481216
2026-01-06,0.025189819861664162,7,1.0561496243428803
2026-01-07,-0.0005928911266143977,4,1.0555567332162659
2026-01-09,0.013147429264280017,8,1.0687041624805458
2026-01-12,0.01453976505556891,10,1.0832439275361148
2026-01-13,-0.049605466523630994,3,1.0336384610124838
2026-01-14,0.05781102839752256,10,1.0914494894100064
2026-01-15,0.023955873037036564,7,1.115405362447043
2026-01-16,0.028524553847265117,6,1.1439299162943082
2026-01-19,0.045905384231801696,8,1.18983530052611
2026-01-20,-0.016097155839743044,7,1.1737381446863668
2026-01-21,0.026185147581508472,4,1.1999232922678753
2026-01-22,-0.011665972820415548,10,1.1882573194474597
2026-01-23,-0.01857811361381796,10,1.1696792058336418
2026-01-26,-0.05807302524068474,9,1.1116061805929571
2026-01-27,0.015941392705799834,4,1.127547573298757
2026-01-28,-0.03869459815473684,6,1.0888529751440201
2026-01-29,-0.07823756970366497,2,1.010615405440355
2026-01-30,-0.0538369308995289,1,0.9567784745408262
2026-02-02,0.039614355502314735,1,0.9963928300431409
2026-02-03,-0.03799715196777376,1,0.9583956780753672
2026-02-04,0.002615760418818206,3,0.9610114384941854
2026-02-05,-0.11936909501873116,1,0.8416423434754542
2026-02-09,0.006050371801084808,2,0.847692715276539
2026-02-10,-0.05196853206389568,2,0.7957241832126434
2026-02-11,0.013907134916476771,2,0.8096313181291201
2026-02-23,0.015663020995837374,10,0.8252943391249575
2026-02-24,0.019366485285283674,8,0.8446608244102412
2026-02-25,0.040574472891851246,7,0.8852352973020924
2026-02-26,0.02394583921725916,10,0.9091811365193515
2026-03-02,-0.04718092726978442,5,0.8620002092495671
2026-03-05,0.03229299151228473,6,0.8942932007618518
2026-03-06,0.05297629488794009,1,0.9472694956497919
2026-03-10,0.004923324723119349,4,0.9521928203729113
2026-03-11,0.0212737741299627,9,0.973466594502874
2026-03-12,0.05375136336979747,1,1.0272179578726714
2026-03-13,-0.013834457648269738,3,1.0133835002244016
2026-03-16,-0.004707272648889482,10,1.0086762275755121
2026-03-17,0.026576893386794895,9,1.035253120962307
2026-03-18,-0.0038784551592024596,4,1.0313746658031047
2026-03-25,0.03194183938951793,5,1.0633165051926226
2026-03-26,0.00599960032230995,3,1.0693161055149325
2026-04-01,-0.04736198276164724,8,1.0219541227532853
2026-04-07,-0.019344151107226593,4,1.0026099716460588
2026-04-08,-0.0224693065535466,10,0.9801406650925122
2026-04-09,-0.062307254629637265,1,0.9178334104628749
2026-04-10,-0.004800155630641356,5,0.9130332548322335
2026-04-13,0.008264932184395812,10,0.9212981870166294
2026-04-14,0.014219982315193835,10,0.9355181693318232
2026-04-15,0.10204330847019537,9,1.0375614778020186
2026-04-16,-0.05449915863820872,10,0.9830623191638098
2026-04-17,-0.054115230730119215,5,0.9289470884336906
2026-04-20,-0.07133296762903436,8,0.8576141208046562
2026-04-21,-0.042080852072748726,8,0.8155332687319075
2026-04-22,-0.08939875245384575,7,0.7261345162780617
2026-04-23,-0.10982633990430073,3,0.616308176373761
2026-04-28,0.04253009524574147,1,0.6588382716195025
2026-04-29,0.3469238695712167,2,1.0057621411907192
2026-05-04,0.014049441016353914,4,1.019811582207073
2026-05-05,-0.03950652710907484,6,0.9803050550979981
2026-05-06,-0.02429821906419255,2,0.9560068360338057
2026-05-07,0.003006676442680767,6,0.9590135124764865
2026-05-08,-0.037594621437110155,6,0.9214188910393764
2026-05-11,0.04137083147123185,10,0.9627897225106082
2026-05-14,0.10203173761735132,10,1.0648214601279595
2026-05-15,0.00034118125554752354,4,1.0651626413835071
2026-05-21,-0.015240600957581984,10,1.049922040425925
2026-05-22,-0.06139888865840284,5,0.9885231517675223
2026-05-25,-0.0191562713321475,5,0.9693668804353748
2026-05-26,-0.03450374782178943,7,0.9348631326135853
2026-05-27,-0.06662067662529779,6,0.8682424559882875
2026-05-29,-0.0017439748947809086,10,0.8664984810935066
2026-06-01,-0.009401062415860103,9,0.8570974186776464
2026-06-02,-0.091503448045412,3,0.7655939706322344
2026-06-03,-0.024588865282054995,10,0.7410051053501795
2026-06-09,-0.027335030695488906,5,0.7136700746546906
2026-06-11,-0.08143029606285423,1,0.6322397785918363
2026-06-12,-0.03885884347502842,10,0.5933809351168079
2026-06-15,0.007609736494619157,3,0.600990671611427
2026-06-16,0.0017217211617074717,3,0.6027123927731345
2026-06-17,0.035748377429002796,7,0.6384607702021373
2026-06-18,-0.04373537048704201,5,0.5947253997150953
2026-06-22,-0.0037693684387957913,6,0.5909560312762995
2026-06-29,0.03442957749762399,2,0.6253856087739235
2026-06-30,0.041328525771105205,9,0.6667141345450287
2026-07-02,0.03306706417324566,7,0.6997811987182744
2026-07-03,0.04184607845424247,8,0.7416272771725169
2026-07-06,-0.05277129812001539,6,0.6888559790525015
2026-07-13,0.011552914614624765,2,0.7004088936671262
2026-07-15,0.030092795687847017,5,0.7305016893549733
2026-07-20,-0.031987435212333534,5,0.6985142541426398
2026-07-21,0.02179343393907358,5,0.7203076880817134
2026-07-22,0.04954324526633136,1,0.7698509333480448
2026-07-31,-0.04122582439828998,2,0.7286251089497549
2026-08-03,0.06423393019234469,1,0.7928590391420995
2026-08-04,-0.04461336403132573,3,0.7482456751107738
2026-08-05,0.006170104132138943,10,0.7544157792429127
2026-08-06,-0.04026219916780064,3,0.7141535800751121
2026-08-10,-0.014288964398177973,10,0.6998646156769341
2026-08-11,-0.023586071289846827,4,0.6762785443870873
2026-08-12,-0.037885176686526356,10,0.638393367700561
2026-08-13,-0.006419253482861029,8,0.6319741142177
2026-08-14,0.04600526938180559,10,0.6779793835995056
2026-08-17,0.0715769426998841,5,0.7495563262993897
2026-08-20,0.015097061077753705,10,0.7646533873771434
2026-08-21,-0.00010012774936149096,7,0.7645532596277819
2026-08-25,0.026490938484986848,2,0.7910441981127687
2026-08-26,0.004493805905683479,10,0.7955380040184522
2026-08-27,-0.02753332661389929,4,0.7680046774045529
2026-08-28,0.037465307580449136,2,0.805469984985002
